,PC1,PC2,PC3,PC4,PC5,PC6,PC7,PC8,PC9,PC10,PC11,PC12,PC13,PC14,PC15,PC16,PC17,PC18,PC19,PC20,PC21,PC22,PC23,PC24,PC25,PC26,PC27,PC28,PC29,PC30,PC31,PC32,PC33,PC34,PC35,PC36,PC37,PC38,PC39,PC40
ACCESS2,0.09792139867069445,-0.28274667037783446,-0.18803800412728888,-0.10919852386121762,0.18105819853664643,0.15576358642761526,0.3376662753963687,-0.14684366861835446,-0.05980580175121695,-0.17563939848696514,0.28830149941566513,0.16356217452287022,-0.018544614998957622,0.23570906533210811,0.2950155245398742,-0.24643436807688224,0.2217079477120613,0.14181780101090533,0.05982223372739242,0.20612011527535107,0.23883249103305434,0.025323969826230537,0.11063428927463421,0.2446993266196896,0.14807113573649647,0.13652538351800508,0.001393160188739717,-0.027838480438994218,-0.08809551112009452,0.00701328374141966,-0.08210644834374198,-0.01036685605503193,0.026846549042829505,0.01599504014602679,-0.11869898900630102,0.006567637618868529,0.06649458414203925,0.02722431894808576,0.014183234475938146,0.03146698853190522
ARTHRITIS,0.1368524538591196,0.273209479862409,0.16944657616478837,-0.0005219101186237259,0.0838392236054859,-0.033221705421997275,-0.04804228761365832,-0.013064038120134645,0.1349619796677462,0.017254357942175502,0.03927887495679516,0.0811147694061211,-0.11243711164160278,-0.08341220421694812,0.055604034271173636,-0.33200652928569946,-0.07644111920124302,0.12608562800431938,-0.3552172974758458,0.25869254609635195,-0.15916475334695795,0.3163297504563595,0.33740686613190024,-0.23072927015858635,0.04868313759922718,-0.1250038449670401,-0.29143553954842877,-0.13428906192690104,-0.13684457642992465,0.14233267979434014,-0.14409953386753196,-0.006132103671989062,-0.05729617408756628,0.10394036520198104,0.00030920903353340995,-0.011480250267765928,0.06512214315135878,0.011562789734845487,-0.015196790023510449,-0.02923497502238142
BINGE,-0.10473499896855853,0.12297120203275669,-0.12638799671035272,0.29687826141503615,-0.2634787643173959,0.6215528745577295,-0.09690530491940796,-0.08533168064842055,-0.2177635773934805,-0.0501260691238004,-0.09552452631764782,-0.15821989997876917,0.050462112097731014,0.1208456869224002,0.10395816870570677,-0.20787109211684068,-0.25714697053065283,0.15655417338774663,-0.2663690949927504,-0.01636705637411688,0.14312651769986742,-0.04995291628630229,-0.0917508734218104,0.006535918120355685,-0.17191793456630966,0.05965467946482866,0.014398650685063057,0.021867169373102492,0.06699248494356082,0.009740251399463067,0.0024550606891631382,-0.05845262372287279,0.06890691637981433,0.013278211297964707,0.0308466867477176,0.01736328900783286,0.02073642656007095,0.015701532509025045,0.003512274278966143,-0.012227554698893174
BPHIGH,0.17808023730359407,-0.032507681323343696,0.18717832415346586,0.1003001169976862,0.08227372458405302,-0.05489729041965424,-0.1052761484642934,0.013333838719475341,0.13601315876276215,0.004951881776604675,-0.12579328374373436,0.0950347476697779,0.12460767565988974,-0.1977653407250653,-0.20459702878155822,-0.23221689310948684,0.039349981374101284,0.05726327208861917,-0.10755684344328259,-0.0015952301570236332,0.1340718405547496,0.2447315545403048,0.09508805661004122,0.39535615987535283,-0.2837770658075733,0.30303435619861363,0.2987923380111908,0.3107203687630516,-0.10708336527266776,-0.10005173483725963,0.05620365571915192,0.15252942691776633,-0.10801266318454177,-0.09276400406373182,0.12062992000128889,0.0456791187629264,0.03123613832159501,0.03915664148036535,-0.03351453901872116,-0.032350054092412664
BPMED,0.10372770268518379,-0.14304163042434903,0.30278588388898275,0.36782857359802823,0.09034369108753319,0.042418029868671575,-0.03731106440029336,0.05316966735256253,-0.08350800741886985,-0.11864274435698126,0.11370001292110889,0.08081996142566256,-0.08338471241035052,0.08692126507749304,-0.33602611817198413,-0.03641314709361511,0.0004633341304619634,0.3164430295639993,0.1627727513272696,0.11922870049467785,0.16203546098023536,0.10748169766078759,-0.33301872481948086,-0.08317446298753506,0.2713218754436961,-0.3359550919298202,-0.09852250167986112,0.10185741976922988,0.0598357302896272,-0.13214817239436025,-0.003439064893826914,0.16155456056378545,-0.032950234013619,0.002396849220279976,0.03007368604933415,-0.03720837782751729,0.0012462156280563103,-0.06442679056394614,-0.022197075015454017,-0.012139163318471789
CANCER,-0.08984058949832187,0.3731952864771248,0.05359151215132146,0.05946141596020127,0.11258434171462306,0.04587055708789838,-0.13398855486918787,-0.08443738413263019,-0.2198610626653007,-0.109025993629599,0.0692600081561188,0.21588341508477538,-0.15596414731566086,0.04191571141553087,0.13386396630726494,-0.18577336045221463,0.2886534595768709,-0.39563817991144545,0.1186018402380461,-0.08946396053041249,-0.038824983916957406,0.2563280806835046,-0.34663134807167373,0.013879975825080604,-0.12914902130107828,0.024604414506354477,0.11559555480245959,-0.29835630440239674,-0.01637305434715798,-0.13888343698719602,-0.027068959647920318,0.1335483262397518,-0.031728731058962026,0.022270504073225596,-0.014007147621081212,0.018551078819727562,-0.023839505241724887,-0.06935586622600261,0.03530431871529732,-0.017574994422660008
CASTHMA,0.09003540417391685,0.3267797631973137,0.06296873364079955,-0.18597246177960713,-0.2812555467045379,-0.16411712878498425,-0.08748154595963958,0.20960337874185397,0.149027244707024,-0.09549466119266425,0.07460294046960547,-0.061772515131835876,-0.08589850026360217,-0.039765854057981914,0.4122807322408726,0.24456458249066937,0.08711616724688104,0.4198313945814908,-0.011061650396363169,0.21638649141591043,0.17753447450154014,0.004197150913550404,-0.21702193851751778,0.20119614983741016,-0.15019913058489898,-0.055974193312710224,-0.02461339441789967,-0.014105396799044823,0.08445795992992262,-0.06359114062988287,0.08826958617364328,0.08391777513882417,-0.008873517028272257,0.023535518409575205,0.04127795047111982,0.024690872971254094,-0.044225961598295366,0.012707769149718655,0.0381780767835915,0.023195660076907078
CHD,0.19028022487642535,0.11528027825821456,-0.03910529389625661,0.10584092696972314,0.0017886017379745711,0.010907687171901992,0.033549929765611386,-0.01968722858883254,-0.17794115283076622,-0.027021685947969425,-0.05086206736036518,0.08514967745459921,-0.062897052427004,-0.027671398373266362,0.03491154749898562,0.0037200779451257437,0.09532059002694805,-0.0012474448008372649,0.20796804765172924,-0.028130394096419646,-0.30653362699056325,-0.022808606064645225,0.10803874415252218,0.21199930634022882,-0.09978644997909111,-0.09714899384166417,-0.08182850596335789,0.3052953653733905,0.5546014673711183,0.13374748358968702,-0.29408021364916614,-0.08047982799599811,-0.041893714030862846,0.25277210662487876,-0.0303514329366856,0.11312543909682918,0.2211652990576826,0.13026739487154046,0.019592510954412598,-0.018985942275039677
CHECKUP,0.047282985786536634,-0.02633460070013979,0.45189166585915813,0.14628893497926776,0.03726405567571622,-0.13591215233745146,-0.07545922908766864,0.03683642099763956,-0.19592431602292504,-0.18470890054603697,0.031848735566796654,-0.3204344186485722,0.035726807213867014,0.23605516829999784,0.04812064669447244,0.0325467141355458,0.26925817643053074,-0.0651293937858341,-0.3150373157245105,0.15313387805590759,-0.21025826533124914,-0.40593092896665856,0.02335756531881364,0.009192291413832078,0.05447865106593551,0.20968658172523416,0.13875794667941335,-0.017671966325719914,-0.06645967248194695,-0.0014667764749994976,-0.1099002202184414,0.005191894194101144,-0.04232666548409226,0.019418412155880478,-0.11033851886297041,0.0041380004244148914,-0.017940287167095947,0.029250493833622798,0.017324508723678043,0.007725187717737364
CHOLSCREEN,-0.07829020923038509,-0.13873283335253123,0.3853837348180477,-0.221852147265923,-0.018784187317446577,0.0018306387178695926,-0.08616423136847584,-0.049761351474440746,-0.12688249753005135,-0.3575876069336432,0.08953259221046722,-0.30201348176567855,-0.08394892362188455,0.01598338347836245,0.1346430330518026,-0.08075451770244123,-0.07697225048763565,-0.08255479003915493,0.23403433997668782,-0.31165406731185374,0.2541656489399172,0.19510815471155865,0.2762738439306993,-0.09721938141761505,-0.2305081403988985,-0.17222386017716074,-0.08091490225688976,0.11787580416530373,0.017306166272079787,0.09713293947867935,0.07979592619250948,-0.025847682684632056,0.10396781884632922,0.03202898961200753,0.008569495410042455,-0.013070135673926456,0.005112408814602787,-0.02147281205936908,0.02784172226912309,0.07101968724665457
COGNITION,0.1859012430804871,0.13523461624091596,-0.024727558127126677,-0.07249705787546935,0.11039745171214926,-0.03471728115107722,0.09970732920831468,-0.1928688576200197,0.048359378528863045,0.07286465399412538,-0.04606685317624833,-0.10845542594866128,0.05831546779164642,0.11090489746507148,-0.12500760671812047,0.09257239856819599,-0.020059647238261948,-0.1587588103486143,-0.11668053883206993,0.07925393476499015,0.3135162482779056,-0.1058056687213466,0.03241470270423298,-0.08661439760133754,0.04639866680054745,0.060826803200991514,0.0039223646407831195,-0.1081391122487036,0.24344683822375246,0.22948173404731545,0.02118154351407478,0.5350288718087467,0.30546605772591306,0.08828435815591214,0.3006151654759571,0.10890908789296713,0.14198631553520003,-0.042150802319214045,0.11883557066533548,-0.013861889456585105
COLON_SCREEN,-0.11056671317396842,0.061327613956688315,0.3446955816599891,-0.007644797297382975,-0.19816973511653324,-0.08481076002665529,0.10425972652783769,-0.13435962634647192,-0.03158433268730891,0.01208182713529482,-0.20733981583589156,0.5304841352740821,0.45479855252570656,0.4092983072087491,0.14990683658752013,0.12132226096104683,-0.16221514369295958,0.002511257966286873,0.020221308750231266,-0.04025000042003579,-0.006127739003929267,0.06820542234505136,0.09392561167798848,-0.023780696995396755,0.04661681315688812,0.0030601546141533764,-0.008037638650652911,0.00790354285646034,0.03891775251689545,-0.004773600199506606,0.06516122000618171,-0.03605270966097333,-0.014693910861528742,0.0006380744641089064,0.01995685060637531,0.006097470381113863,-0.006387632079975225,-0.008389845147153865,0.0006752966736830804,-0.008170489944076417
COPD,0.17416168085443187,0.21195664361454405,0.04073499424899838,0.05456318566058035,0.04141296193829314,0.055678367818292815,-0.05331517664081986,-0.0010553998239442308,-0.17754961669929648,-0.020701717643710926,0.04047593634446546,0.07990845176788092,-0.12706574851692842,-0.03328782246780615,-0.048619737117025774,0.0007320821597589233,0.05376686740402897,-0.10987113357783965,0.08294024207873793,0.0886448015834937,-0.003033937331847966,-0.16865647694791858,0.24171480914143817,0.17207702281924053,0.1448587648658479,0.11715429548841036,-0.2924205691109215,0.027963999390720015,0.06708151100693793,-0.22949631619930655,0.49223209764037057,-0.21176555233133035,0.2305423811569786,-0.101216189584557,0.247327518130493,-0.20602634920883225,-0.03960043054855969,0.0059038736625594695,-0.2579051857480108,-0.07890092708616046
CSMOKING,0.1677694973032728,0.20286536604530522,-0.009659257996647647,0.1850357508937435,-0.03299295418579465,0.1255339122306907,-0.04881573016725599,0.006803042492042305,-0.16211682175453135,0.02809191452376425,-0.060148328638373105,0.03571633007711433,-0.06537563813379016,-0.06620804014914426,-0.05208606414538308,0.2365830305674447,-0.005816457007144324,0.1925196087883433,0.3757482804764679,-0.09326481201990683,0.14709084101203707,-0.11989857313972352,0.43173636499279505,-0.08733495207227178,0.025551791330829687,0.19530656871398205,0.020684640490017635,-0.2641791090035821,-0.18879944757509454,-0.10940035679900134,-0.2572791897673813,0.15433930074196134,-0.2576213607336725,-0.12226034139211699,-0.04326820593204628,0.10912852968752576,-0.05476787242168113,-0.01086462648145893,0.09283205207736028,0.08538700297090301
DENTAL,-0.1497901575746857,0.098323115465087,0.00999766519587086,-0.06146575142841805,-0.17690121844624154,0.0006065548711017897,0.5862420635211724,0.4903969923502998,-0.32994114378011874,-0.029379727345045598,-0.13366981458488814,-0.08682360543587905,0.16041638420579626,-0.11242164057505455,-0.2470168241819422,-0.03975781081781676,0.16288670816107811,-0.07029115871335911,-0.03481134578091706,0.11957696383744919,0.07908811636466057,0.1179506166845955,0.02910333063593193,0.024271994353906583,-0.12334717918264612,-0.055878103285855296,-0.09461821052341102,-0.06276566454196233,-0.06356505047885339,0.026877517823532295,-0.015512782444337903,0.04210194910810863,-0.00026176775455000016,0.014531173967815711,0.006148163775497609,-0.02783610164305106,0.04943694884688399,-0.009210425826606555,-0.047369945792091694,0.008073280473293934
DEPRESSION,0.054316499882131816,0.3633000191090423,0.10162216836362502,-0.24613371984383414,0.035606555397435805,0.10607534362668218,0.257900399255436,-0.1894718686382765,0.2826203379026282,-0.1866357439080073,0.08723865382626417,-0.20332940410182915,0.1626479624867092,0.08811319574413894,-0.2514198885132681,-0.22172094165105283,-0.1826117492840722,0.15378876382978637,0.2739888649527862,-0.11789369810855693,-0.27366599540034886,-0.145758998908055,-0.22074399840413522,0.09609507602955081,0.012462965184555426,0.15118630001985509,-0.10350882142537918,-0.015018317786706398,-0.10759317732167872,-0.030176919317721186,-0.06512304643438174,-0.019706856533844318,0.051728672443765486,-0.0650495528197177,-0.05841534298442523,0.052220215237373496,-0.0006274579707015726,-0.05203993140657215,-0.034220446145223404,-0.03013915737489241
DIABETES,0.18728094427293318,-0.13490832008522824,0.053302515669970636,0.056975165068749216,-0.031866783100089266,-0.031151472533345298,0.12706720836987145,0.03771498264428142,0.015328898853872452,-0.05047610011476522,0.03728262393828785,0.1444516315951852,-0.05051450096937568,-0.08576340622229067,-0.019410467137137837,-0.1644711666710362,-0.06281794841417969,0.1999128659203982,0.045685810702724386,-0.025468638077400074,-0.200620684586231,-0.15799751039565113,0.10539340139750732,-0.06108631407685344,-0.23718885605888707,-0.2710284522124959,0.49452096930368256,-0.4333349802994477,0.08616727711038386,0.00796479699690519,0.13562570699508048,-0.06331463535066374,0.2837613785275424,0.04021025050429398,0.08219251119166739,0.10934044430107698,-0.07364473684947671,0.09603349403492493,-0.15301691933459166,0.03416048490228579
DISABILITY,0.19136841202257276,0.06705706921184156,-0.03409545975429544,-0.008973426495492298,0.14047272555814722,-0.08897321384297091,0.10441192047110474,-0.14695435205648816,0.10378463841086047,0.035957483670865764,-0.151020162326727,-0.20176264882984968,0.12013189154840101,0.12425971267367797,-0.056988932532864967,0.05964839851515302,0.013909340724868574,-0.07521154742668346,-0.19804430696089415,-0.11787242938920821,0.2721735862537671,0.10770922774410327,0.00764717258308896,0.1251236826480994,-0.05121463513171132,-0.2088394230220555,-0.03384263679266648,-0.19340206271027036,0.23890347203353507,-0.3303654601603301,-0.31962463719910317,-0.207604310669466,-0.05248175273969788,-0.09222040813424429,-0.058054281096378606,-0.2645802230339421,-0.27658547513399917,0.23501956917276,-0.10934973070911294,-0.017025741546792345
EMOTIONSPT,0.15561437343831724,-0.1660136049863779,-0.013503035449436665,-0.1611442712363384,-0.16719671515900794,0.25805703068851404,-0.32450760451111926,-0.04894227395128792,0.05136040823704534,-0.020314833022549855,-0.2964590494867181,-0.17940424380025521,0.3598493798584676,-0.08104385293923194,0.01500131888384778,-0.05341986288901178,0.22384188550729284,-0.15815507822488972,0.25086160568070803,0.3785477776439807,-0.11291908892557723,0.08954085121781974,0.027703378822490382,0.12071493700934992,0.11399078697881934,-0.2316721594563242,-0.052477321832750334,-0.13884418882275384,-0.059195352830739914,0.04308202161806296,0.02411396215227496,0.10432169770121433,0.04675497425761669,-0.08707815591590534,-0.11908735516715721,0.06427460468437667,-0.003239321061184186,0.01933430114040309,-0.07555424878670015,-0.020241828413291474
FOODINSECU,0.18991593098972687,-0.13134292852907078,-0.036181700228220454,-0.017419577523354525,-0.14845228232524937,-0.05362494193639919,-6.768948003299704e-05,0.00463177513274514,-0.03192489552975648,-0.05353620271105998,-0.06221317512233851,-0.012923522455343728,0.02605343212397187,0.02078683087687372,0.0030336206044878633,-0.09279946698520694,-0.009370969148775832,-0.06299990234424205,0.05436759543154711,0.023879500445197127,-0.09811265838472918,-5.27820667403367e-05,-0.11773776290023173,-0.0430701159483374,0.001662159872738024,0.017965151444865768,-0.09161371030683543,-0.018444214280277982,-0.22347128521611503,-0.22714531263759813,-0.06937993632110354,-0.18703054424495505,0.038875310036933064,0.1630934637921481,0.4928476828348838,-0.04971582472887457,0.0802444592298365,0.244920780148901,0.5554713311601825,0.2659139257813897
FOODSTAMP,0.18308298136404916,-0.009004676881903149,-0.0007161859991272484,-0.11324690884085788,-0.2959686990337731,0.06182860481754997,0.09379732338333105,0.08344898001252332,-0.0847715420278386,-0.11999677552788518,-0.0006261719705066143,-0.07979224803550657,-0.1617614640399394,-0.03069743977360509,0.08400383185992372,0.04877605284153316,-0.17772873934274497,-0.07778462668355976,-0.18598943118951183,-0.2761431421670096,-0.2149872107426526,0.26183750982117243,0.07785693335804195,0.22802126657335686,0.5702360477251478,-0.017534877284474032,0.2533620921982499,-0.005114997599030141,0.044336852034089824,-0.07728533284511813,-0.01816788961117191,0.19384697456034095,0.001722181576858342,-0.05570410917951654,0.008104833015147889,-0.046944852171758894,-0.04411679413970289,-0.12542804245493305,0.03785492514373144,-0.02341755679124702
GHLTH,0.19820364855755335,-0.04271050097904241,-0.04654061085066746,-0.05315831910449415,0.0009424636923337184,0.07695133496529122,0.1250094693885984,-0.07986061966230841,0.002214288559625476,0.01386532623002363,-0.0143579990925565,0.00507608934756535,0.007833157121654583,-0.005501661481916765,5.2299728362809744e-05,-0.030557520414449438,-0.11280838113409239,-0.07982851201494114,-0.003080087348821925,0.09709415115980889,-0.0803841829868371,-0.11955936033986896,0.07401928210255643,-0.08837306621138336,-0.20747204055548568,-0.06844602133623715,0.005559980760846801,0.08155011266892606,0.04348985023667029,-0.2502829435113478,0.3081965454504386,0.265184786116267,-0.2732323770330918,0.4509236345406962,-0.2951024301887355,-0.27846891810139895,-0.21103317782449457,-0.22163201251559636,0.20345873280628374,-0.0040086286904126404
HEARING,0.13501705938870473,0.1691728791626563,-0.23921899320492118,0.1744603639303127,0.1602065439635765,-0.16877086495947274,0.06589487263803295,-0.1220590362387162,-0.11147718220366705,0.025009373715025606,-0.3034475025416901,-0.20565946583322559,0.18764593054390083,0.09326517619284425,0.14810777502411449,-0.07858082181278375,0.3650962793796165,0.3028422165698521,0.017133169706753465,-0.281000014507384,-0.04958836212873844,0.16266038557510065,-0.006761242396447466,-0.19681610996190732,0.12296033935746381,-0.04930817570532067,0.08163638502917311,0.17322680059064413,-0.1333284733968691,0.1291587320189529,0.24449206627865616,-0.07215204393798093,0.05666248144173247,0.09080574505477984,0.021987607279772087,0.056192857246530406,-0.10585271980149832,-0.11896087585274095,-0.021195548483799176,0.07823042118056628
HIGHCHOL,0.10637998076822987,-0.08363802775862675,0.2711200181835842,-0.13966000942126452,0.44115892697339704,0.11185036251237691,0.13012105610161084,-0.01536454338929532,-0.27630241343159484,0.11843174405593856,-0.3014242722325838,0.01915475805085117,0.03397013607634479,-0.4174386728597258,0.33691288993594215,0.060063420596431855,-0.2877344607464025,0.07345486340888707,0.011125012945246232,0.02945171239773653,0.00344869304370668,-0.05922558527404073,-0.2593646423532076,0.005798295673583753,0.0892179939135101,0.10499084889708318,-0.04568344008591685,-0.05002107200024819,-0.01837030485880002,0.03497719592514188,-0.05112466978473529,-0.034850250087383156,0.03261564589826614,-0.0017133323168753989,-0.00020313085590689672,-0.009153007855642256,-0.006872719354776617,-0.008389168840932965,-0.001801119739467949,-0.00495547931035259
HOUSINSECU,0.1835973115398207,-0.16720372265144395,-0.025012227380348015,-0.06291183562533645,-0.15141133068759244,-0.05921621128397428,0.007710764299064064,0.03867395349735629,-0.013497508265419922,-0.028549051555325285,-0.0070008268344920336,-0.034641735941152135,-0.028052355265726817,0.057098132996582444,0.030139166910593665,-0.02498779862446518,-0.042464514031126804,-0.09682781628247708,0.023440938546920684,0.048045751729481875,0.07922923941581911,0.05116968952327516,-0.08213771469929781,-0.17031191912689525,-0.02365470616567074,0.1860463145866015,-0.09097553773962377,0.02926629931347697,-0.020038879932749498,-0.1886002787324281,-0.18057023870836628,-0.13701173829771374,-0.04715645600159718,0.3030915010066846,0.23417322354465775,0.47765430430598815,-0.26131473628690516,-0.26736333708717175,-0.3241887732892018,-0.29266354709324377
INDEPLIVE,0.19794489007622953,0.07768622026818851,-0.008742674538507899,-0.0016665384345906718,-0.062406929231738364,-0.04723767763546867,0.018347953037543847,-0.03705139623927095,-0.07663103347693156,-0.012940923322054203,-0.026017503607573236,0.049374078465103416,-0.09156192030090872,0.01598559199327781,-0.07833203842091783,0.07773457164491729,-0.08146817001783341,-0.1030703367225565,-0.07610107987712782,-0.13374437051431953,0.14560460647974735,-0.037794123990980893,-0.08558192843571695,0.04758489634371796,0.05291080846267934,-0.09773160726371789,-0.07515579108424209,0.03330365639631598,-0.28838158914206197,0.022784646299254113,0.21540107687240043,0.010599303920934031,0.030230643524018164,0.15414496563209462,-0.36794682670703943,0.3384770789773652,0.11217750943754518,0.5827514805909444,0.025825405978202518,-0.25876790192061877
LACKTRPT,0.1915498382905394,-0.07294259327671428,-0.053943520384696124,-0.029189025587485335,-0.20496531268025434,-0.11038071504163217,-0.07480185556007861,-0.019649734686609494,-0.02036336412299237,-0.01082797623898729,-0.06758314817423927,0.019713998202454824,-0.0032444845427290203,0.008938318147796373,0.03898462204006301,-0.00915320640481139,-0.021641210102366304,0.02213347330839735,0.056575340341657426,-0.09566486649055272,0.050725240562474926,-0.0014139446993382682,-0.13429559222072512,-0.19037396390651035,-0.04708403846515383,0.17428068238788666,0.01953346750501933,-0.0177115014527323,-0.16032143439596294,-0.07833798542607329,-0.17025956684620475,0.09539737994427257,0.09445027817681306,0.18603111721478913,-0.08400256757961996,-0.4222692108060078,0.5011470298760078,0.027557996175081076,-0.4617021747392074,0.13970354655429937
LONELINESS,0.14705301607293456,-0.1302880478285911,0.10104118253898181,-0.31366639905205485,-0.006310908964823197,0.38804429365281917,-0.05318902625114923,-0.03814109045112341,0.020599427311456135,-0.08288825073299794,0.09889071930130891,0.23836932493510615,0.05965158646607982,-0.13718150964576314,-0.21238495444303349,0.26217285074068747,0.4173087811464747,0.19798410647558112,-0.2924333829006643,-0.29500791213912325,-0.0868424318599882,0.03540212784918108,-0.06028901495855399,-0.1590884790184701,-0.09328760092310194,0.10801871164486337,-0.15599483320242502,-0.06712333912201933,0.10634427160153953,0.001304213855791353,0.030089811503595798,-0.022792460706365703,-0.010304248019259166,-0.013159113366510917,0.010719252369023706,0.005607661876354142,-0.006428191520435285,0.007131723431993003,0.041164544851630715,-0.0007653992988527411
LPA,0.17956181241745156,-0.08879826497256357,0.0031959182914200633,0.20874726995275703,0.12856388070038688,0.11201168524936418,0.12467124130835747,-0.042817878972659304,0.009651026041929172,0.0012569094610831852,0.10268452528289297,-0.15965554902120294,-0.08301747130622035,0.25082945223541936,-0.02566768318920195,0.5002834305589664,-0.13484719021623506,-0.04817760154551631,0.06037765257478814,0.17022635806125588,-0.2515131847377982,0.4359517738948178,-0.0570037142123439,0.10468801014829376,-0.25875472045510706,0.12182438978055354,-0.00977148379391557,-0.08585930911703767,-0.1584188251661316,0.2111252914337311,0.07054032740707902,-0.07973945578758476,0.10279882306160187,-0.0011653906577281312,0.023688062376469782,-0.0907089315909125,-0.02724406150404439,-0.01804720760223258,-0.02470947052781275,-0.03168217486200489
MAMMOUSE,-0.08086438447130441,-0.06175741860790215,0.31310524767134346,0.14313228453160326,-0.37266610481249374,0.04190597277970563,0.3149955098560122,-0.4490871421086838,0.10192355842280863,0.4845770204114272,0.05073290588182519,-0.12769807565586666,-0.20130665127890474,-0.20291542979611096,0.09415030156246526,-0.02906679245476601,0.24614957656357242,-0.02645025788026037,0.07938146996884804,0.008234580973737957,0.017211322278286718,0.03598927986321929,-0.022244260408610897,0.00969375609123685,0.0029417381612789617,-0.0072993463035098405,-0.023976605967771347,0.02021901275114535,-0.01046788673240727,-0.014044718677947154,0.0265471059359373,-0.031220545585889443,0.0008762709991768092,-0.031299737525732146,-0.003557508084797212,0.011235553108887589,0.0010401825145427285,0.008770231614716989,-0.0050706301015139565,-0.0013693571325693599
MHLTH,0.15058353546344397,0.2556169822443642,0.07490121566039681,-0.18809033372348324,-0.010390660062153657,0.19709117912556576,0.021901544214164084,-0.026115262254537256,0.01792597879427047,-0.02010944666702151,0.049983657449974885,0.055281674710374706,-0.058337987075812336,-0.005780097963836149,-0.12427812633646149,0.08006228596633591,0.026629621104582377,-0.14779101880372594,0.0605528549147655,0.1971109056440178,0.24994944463481375,-0.060929429408591695,-0.0413836289186204,-0.14857075845324103,0.16073321379034677,-0.09559581755078683,0.4445199228179045,0.1811915367442499,-0.06653558307538816,0.33341865497013323,-0.001766889100420825,-0.3716485868136813,-0.2603674283085972,0.1201063984535806,0.12710599398133715,-0.15589437729507716,-0.02760172426196505,0.003476011965141995,-0.03974341978924438,0.010685037436728682
MOBILITY,0.20089068988228068,-0.017115509951824117,-0.009305814775063412,0.019068840629284826,0.036654122218993106,-0.0719327493558158,0.05382214327102025,-0.06621685556084808,0.019285451023928347,-0.008405102672412323,-0.05652362552947483,-0.0651977715246498,-0.007982861364630611,0.052580013374359955,-0.030082770443269218,0.03750577872765916,-0.05795098694093082,-0.08368561264683036,-0.15427391692174594,-0.045214376105705716,0.09856574462317695,-0.051833647122377924,-0.030049072262841592,0.12301514085251554,-0.08286429709538858,-0.18905012916524924,-0.050753087440980435,-0.17899092261238406,0.04057836422134593,-0.1012811332180107,0.17925558205140368,-0.25492471923381615,-0.27645804171187083,-0.19714644850419702,-0.07334436423758368,0.27512163195239503,0.5310371419596722,-0.4269853821578753,0.08038308333270465,0.11848613016920677
OBESITY,0.13969851032471953,0.015873765446120586,0.07014969716872363,0.4360813628154173,0.023545763708367817,0.18179783407782246,0.18456991268034587,0.2761723027727817,0.5113372358758844,-0.2373359508123623,0.04825949392963444,0.04790692197643701,0.1731876871055871,-0.20753399365279265,0.29449109727267114,0.04383184684846275,0.08182670018638435,-0.28901913025079723,0.034043745215091764,-0.1551695218094779,0.06052441576040647,-0.09887926641182049,-0.0027380673111654374,-0.11586603051286072,0.06319748935770764,0.0014262140101399534,-0.07295638315519046,0.037893929296582196,0.015108697773929446,0.043343945732153555,0.00469970859008903,0.0007159935119355199,0.03755613540219324,-0.003597601509488825,-0.008678979334745818,-0.009894800330631032,0.013760465442803047,0.007563525765183349,0.0019238496220827517,-0.002375278272327433
PHLTH,0.1900717089414593,0.11123307718191154,-0.05583222745439752,-0.10367606421636082,0.009976800877604858,0.0762894727729728,0.09606925718635084,-0.023217125028259504,-0.08170197164300462,0.027640708664615644,0.02071649466785181,0.11673838610216392,-0.09776671475036525,0.0570274123363262,0.08160904286546218,0.07977043247725667,-0.009480036228294908,-0.12356753439423299,-0.06940438698571222,0.13335922824084362,-0.08575403904678842,-0.062185179830339415,0.02350965300854513,-0.2501305884489643,-0.16384386470394496,-0.21810387354345348,0.08570375886608037,0.4686517968766912,-0.16432245403488616,-0.2698418353725811,-0.18263047574593266,0.10110774084218271,0.3007752788852066,-0.408092408822507,-0.1105662163872109,0.12054916114194231,-0.05650627867697768,-0.08482620709121796,-0.0075388282913936774,0.15271669264995005
SELFCARE,0.1957897865875286,-0.06548237213349983,-0.035844056071570346,0.032445807681681725,-0.13140650487059485,-0.09092153360326583,0.009968307168414391,-0.04844965145242961,-0.07761556795583521,-0.049830192157191644,0.010639267504403183,0.10273734890544178,-0.06844353538962125,0.006162698605150459,-0.03264644483774889,-0.10215950519162137,-0.08439589620067309,-0.11668518779492192,-0.07020567340265439,-0.0596984824986526,-0.001480859143973813,-0.09553518217991971,-0.1470096972685045,0.12211316237121422,-0.056810586505281965,0.006730304356896574,-0.23920469711092857,-0.01817806797078827,-0.003267258162535633,0.35050497636339667,0.05833556626494174,0.11248551547461545,-0.22412598697926278,-0.10893533543512327,0.0073094413200571196,0.09558018955281156,-0.3442143714394964,0.07396300958924693,-0.24751957571559824,0.6004374777263315
SHUTUTILITY,0.19475967254406368,-0.05217639949676249,0.010663396657981185,-0.002871546924550087,-0.14382089041891724,-0.12774895441462,-0.009609446837252181,0.09782353017936951,-0.012932370780814939,-0.013790608907616509,-0.02835400434122473,-0.03647611737086801,-0.024293113761577834,0.005795422160837939,-0.059411579903821815,-0.16872060161449184,-0.06101751075752326,0.0036811126875585243,0.10826081810401407,0.15762501027453069,0.07904987984823217,0.20741043130336692,-0.08121829795769453,-0.36328868094404787,0.05853967644083824,0.4414302095091704,0.05152536148875869,-0.05880385963398245,0.4080797177626486,0.010844462553097935,0.1508895043047704,-0.1681826942063735,0.07919200821601964,-0.25266602838302804,-0.3188513059186529,0.016264233392836912,-0.03583169061081698,0.08079112931402042,0.2138132049072089,0.04038742377156898
SLEEP,0.1550476179292309,-0.03276237164515441,0.1619252851165343,-0.142550138378951,0.12394535345108854,0.21236737562840466,-0.07591633786916963,0.4682568751539322,0.13301967767989906,0.5340654806576721,-0.06649920064768329,-0.05169702789288497,-0.16437397794645658,0.43772469064577746,0.07971213433422332,-0.2001698626065102,0.05143661330219214,-0.0062016852644672105,0.112201414330307,-0.2046268601579322,0.0010054052751170654,-0.04430099226675447,-0.014459457192528224,0.05217945714967971,-0.023050450200307743,-0.01326321337451876,-0.029029843237251052,-0.006579736042181856,-0.007278586301098261,0.039402695359534876,0.019080065834933935,0.03801591874553567,-0.011979141187008074,0.0029055749147621768,0.006150023169522761,-0.009087338548242035,0.009362951418263724,0.008796266931218613,0.00659278895518195,0.016370645794231628
STROKE,0.19423017234838283,0.0008276674899521517,0.006229439399233833,0.07772433067745477,-0.16208421771415857,-0.13748543558164703,-0.11114058665324494,0.016195840401027096,-0.05973982519318779,0.020688659864584704,-0.06142120551036367,0.1709618216393753,-0.03603260886656169,-0.0753220241078034,-0.11507911015849348,-0.06486125961932421,0.02220224992341846,-0.007554484473767262,-0.009457167788342227,-0.1069727853246651,0.15061223678542668,-0.13310284847551215,-0.04800026796001372,0.23768490983041274,-0.06159766069996723,-0.02208318230461736,-0.12021398527166588,-0.04646826929245845,-0.17868364308612705,0.2903449650742522,-0.21813184359309223,-0.18066516498595084,0.3846384890624373,0.04709653921923039,-0.22233949521967433,-0.1896028794494396,-0.1611847143783225,-0.3751474298424248,0.266169425956314,-0.18775567747792704
TEETHLOST,0.17514420057475885,0.07472927794652495,-0.009519705924445801,0.03337231672762,-0.006257802369604041,-0.06891365331155938,-0.11578278798065338,0.05439494302648193,-0.2511272290211247,0.30494362035865197,0.6589227921206768,-0.10945407105977532,0.5362891522969151,-0.14321258414703147,0.07317175001828756,-0.029174209273951996,-0.0893423808480606,-0.029940216928869834,-0.0062487185669758,-0.09401245318531426,-0.00021269074590435366,0.05246869454073022,-0.01553194335055854,-0.014144802711335572,0.010863908495712064,-0.05366998906440465,0.021114235225294375,0.007741436274985802,-0.002167492222913441,-0.004009782363937869,-0.0058952942490464455,-0.008499220600212049,-0.011883470787036166,-0.0032770131948955047,0.00623381904772391,0.005631668603707618,0.0031101777661954877,0.0009503612862591104,0.00330272213292801,-0.0045507132327855665
VISION,0.18746382681484758,-0.12147413950133018,-0.09380231096249338,-0.010195771698929969,-0.10417144449455068,-0.09605260347807597,0.07553687124961912,-0.05096017035464729,-0.10671065304324671,-0.09007764861151728,-0.024583049970992536,0.012984855851778908,-0.0321664623062614,0.056639918530846954,0.135985138866138,-0.12941111169840747,0.0028439451805598592,0.01304627820407911,0.03693865975172046,-0.06773888630068217,-0.1041275460611363,-0.11732264164121901,-0.08492654917826936,-0.12478255045480986,-0.16224121641903622,-0.08719715017667054,-0.07834935199847652,0.011254684137416454,-0.014400356192582384,0.2034141716200187,0.0175524784894566,0.1583788052997974,-0.3433135603529709,-0.41013933541510794,0.24351133431118113,-0.22649553037120274,0.005728161206150328,0.08101658528873923,0.030788183750504197,-0.5367978313018693
