LocationID,Cluster
59,0
1001,1
1003,1
1005,3
1007,2
1009,1
1011,3
1013,3
1015,2
1017,2
1019,2
1021,2
1023,2
1025,2
1027,2
1029,2
1031,2
1033,1
1035,3
1037,2
1039,2
1041,2
1043,1
1045,2
1047,3
1049,2
1051,1
1053,3
1055,2
1057,2
1059,2
1061,2
1063,3
1065,3
1067,2
1069,2
1071,2
1073,1
1075,2
1077,1
1079,2
1081,1
1083,1
1085,3
1087,3
1089,0
1091,3
1093,2
1095,2
1097,2
1099,3
1101,2
1103,1
1105,3
1107,3
1109,2
1111,2
1113,2
1115,1
1117,0
1119,3
1121,2
1123,2
1125,1
1127,2
1129,2
1131,3
1133,2
2013,1
2016,1
2020,0
2050,3
2060,1
2063,0
2066,1
2068,0
2070,2
2090,0
2100,0
2105,1
2110,0
2122,0
2130,0
2150,0
2158,3
2164,2
2170,1
2180,3
2185,1
2188,3
2195,0
2198,2
2220,0
2230,0
2240,1
2275,1
2282,1
2290,3
4001,3
4003,1
4005,1
4007,1
4009,1
4011,0
4012,2
4013,0
4015,1
4017,2
4019,1
4021,1
4023,2
4025,0
4027,2
5001,2
5003,3
5005,2
5007,0
5009,1
5011,3
5013,2
5015,2
5017,3
5019,2
5021,2
5023,2
5025,2
5027,2
5029,2
5031,2
5033,2
5035,3
5037,2
5039,2
5041,3
5043,2
5045,1
5047,2
5049,2
5051,1
5053,1
5055,2
5057,2
5059,2
5061,2
5063,2
5065,2
5067,3
5069,3
5071,2
5073,3
5075,2
5077,3
5079,2
5081,2
5083,2
5085,1
5087,2
5089,2
5091,2
5093,3
5095,3
5097,2
5099,3
5101,2
5103,2
5105,2
5107,3
5109,2
5111,2
5113,2
5115,2
5117,2
5119,1
5121,2
5123,3
5125,1
5127,2
5129,2
5131,2
5133,3
5135,2
5137,2
5139,2
5141,2
5143,1
5145,2
5147,3
5149,2
6001,0
6003,0
6005,0
6007,1
6009,1
6011,1
6013,0
6015,1
6017,0
6019,2
6021,1
6023,1
6025,3
6027,0
6029,2
6031,2
6033,1
6035,1
6037,1
6039,2
6041,0
6043,1
6045,1
6047,2
6049,1
6051,0
6053,1
6055,0
6057,0
6059,0
6061,0
6063,0
6065,1
6067,1
6069,1
6071,1
6073,0
6075,0
6077,1
6079,0
6081,0
6083,1
6085,0
6087,0
6089,1
6091,1
6093,1
6095,0
6097,0
6099,1
6101,1
6103,1
6105,1
6107,2
6109,0
6111,0
6113,0
6115,1
8001,1
8003,1
8005,0
8007,0
8009,1
8011,2
8013,0
8014,0
8015,0
8017,0
8019,0
8021,1
8023,1
8025,1
8027,0
8029,1
8031,0
8033,0
8035,0
8037,0
8039,0
8041,0
8043,1
8045,0
8047,0
8049,0
8051,0
8053,0
8055,1
8057,1
8059,0
8061,0
8063,1
8065,0
8067,0
8069,0
8071,1
8073,1
8075,1
8077,0
8079,0
8081,1
8083,1
8085,0
8087,1
8089,2
8091,0
8093,0
8095,1
8097,0
8099,1
8101,1
8103,0
8105,0
8107,0
8109,1
8111,0
8113,0
8115,1
8117,0
8119,0
8121,0
8123,0
8125,1
9110,0
9120,0
9130,0
9140,0
9150,0
9160,0
9170,0
9180,0
9190,0
10001,1
10003,0
10005,1
11001,0
12001,1
12003,1
12005,1
12007,2
12009,0
12011,1
12013,2
12015,0
12017,1
12019,1
12021,0
12023,2
12027,3
12029,2
12031,1
12033,1
12035,0
12037,1
12039,3
12041,1
12043,2
12045,1
12047,3
12049,2
12051,3
12053,1
12055,1
12057,1
12059,2
12061,0
12063,2
12065,2
12067,2
12069,1
12071,0
12073,1
12075,2
12077,2
12079,2
12081,0
12083,1
12085,0
12086,1
12087,0
12089,0
12091,0
12093,2
12095,1
12097,1
12099,0
12101,1
12103,0
12105,1
12107,2
12109,0
12111,1
12113,0
12115,0
12117,0
12119,0
12121,2
12123,2
12125,2
12127,1
12129,1
12131,0
12133,2
13001,2
13003,3
13005,2
13007,3
13009,2
13011,1
13013,1
13015,1
13017,3
13019,2
13021,2
13023,2
13025,2
13027,3
13029,0
13031,1
13033,3
13035,1
13037,3
13039,1
13043,2
13045,1
13047,1
13049,2
13051,1
13053,2
13055,2
13057,0
13059,1
13061,3
13063,3
13065,3
13067,0
13069,3
13071,2
13073,0
13075,2
13077,0
13079,1
13081,3
13083,1
13085,0
13087,3
13089,1
13091,2
13093,2
13095,3
13097,1
13099,3
13101,1
13103,1
13105,2
13107,3
13109,2
13111,1
13113,0
13115,1
13117,0
13119,2
13121,0
13123,1
13125,1
13127,1
13129,2
13131,2
13133,1
13135,1
13137,1
13139,1
13141,3
13143,1
13145,0
13147,1
13149,1
13151,1
13153,1
13155,2
13157,1
13159,1
13161,2
13163,3
13165,3
13167,3
13169,1
13171,1
13173,2
13175,2
13177,0
13179,1
13181,2
13183,2
13185,2
13187,1
13189,2
13191,2
13193,3
13195,2
13197,2
13199,2
13201,2
13205,3
13207,1
13209,2
13211,0
13213,1
13215,2
13217,1
13219,0
13221,1
13223,1
13225,1
13227,1
13229,2
13231,1
13233,2
13235,2
13237,1
13239,3
13241,1
13243,3
13245,2
13247,1
13249,1
13251,2
13253,2
13255,2
13257,2
13259,3
13261,2
13263,3
13265,3
13267,3
13269,3
13271,3
13273,3
13275,2
13277,2
13279,2
13281,1
13283,3
13285,2
13287,3
13289,2
13291,1
13293,2
13295,1
13297,1
13299,2
13301,3
13303,3
13305,2
13307,3
13309,3
13311,1
13313,1
13315,3
13317,2
13319,2
13321,2
15001,1
15003,0
15005,1
15007,0
15009,0
16001,0
16003,1
16005,1
16007,0
16009,1
16011,1
16013,0
16015,0
16017,0
16019,0
16021,1
16023,2
16025,0
16027,1
16029,0
16031,1
16033,1
16035,1
16037,0
16039,1
16041,0
16043,0
16045,0
16047,1
16049,1
16051,0
16053,2
16055,0
16057,0
16059,1
16061,1
16063,1
16065,1
16067,1
16069,1
16071,0
16073,2
16075,1
16077,1
16079,1
16081,0
16083,1
16085,0
16087,1
17001,0
17003,2
17005,1
17007,1
17009,1
17011,1
17013,0
17015,1
17017,1
17019,0
17021,1
17023,0
17025,1
17027,0
17029,1
17031,0
17033,1
17035,0
17037,1
17039,1
17041,1
17043,0
17045,1
17047,1
17049,0
17051,1
17053,1
17055,1
17057,1
17059,1
17061,1
17063,0
17065,1
17067,1
17069,1
17071,1
17073,0
17075,1
17077,1
17079,0
17081,1
17083,0
17085,0
17087,1
17089,0
17091,1
17093,0
17095,1
17097,0
17099,1
17101,1
17103,1
17105,1
17107,1
17109,1
17111,0
17113,0
17115,1
17117,1
17119,0
17121,1
17123,1
17125,1
17127,1
17129,0
17131,1
17133,0
17135,1
17137,1
17139,1
17141,0
17143,1
17145,1
17147,0
17149,1
17151,1
17153,2
17155,0
17157,1
17159,1
17161,1
17163,1
17165,1
17167,0
17169,1
17171,0
17173,1
17175,1
17177,1
17179,0
17181,1
17183,1
17185,1
17187,1
17189,0
17191,1
17193,1
17195,1
17197,0
17199,1
17201,1
17203,0
18001,2
18003,1
18005,1
18007,1
18009,2
18011,0
18013,0
18015,1
18017,2
18019,1
18021,1
18023,1
18025,2
18027,2
18029,0
18031,1
18033,1
18035,1
18037,1
18039,1
18041,2
18043,1
18045,1
18047,1
18049,1
18051,1
18053,2
18055,1
18057,0
18059,0
18061,1
18063,0
18065,1
18067,1
18069,1
18071,1
18073,1
18075,2
18077,1
18079,1
18081,0
18083,1
18085,1
18087,1
18089,1
18091,1
18093,1
18095,1
18097,1
18099,1
18101,1
18103,1
18105,1
18107,1
18109,1
18111,1
18113,1
18115,1
18117,1
18119,1
18121,2
18123,1
18125,1
18127,0
18129,0
18131,1
18133,1
18135,1
18137,1
18139,1
18141,1
18143,2
18145,1
18147,1
18149,1
18151,1
18153,1
18155,2
18157,1
18159,1
18161,1
18163,1
18165,1
18167,2
18169,1
18171,1
18173,0
18175,1
18177,1
18179,1
18181,1
18183,1
19001,0
19003,0
19005,0
19007,1
19009,0
19011,0
19013,0
19015,0
19017,0
19019,0
19021,1
19023,0
19025,0
19027,0
19029,1
19031,0
19033,0
19035,1
19037,0
19039,1
19041,0
19043,1
19045,0
19047,1
19049,0
19051,1
19053,1
19055,0
19057,0
19059,0
19061,0
19063,0
19065,1
19067,0
19069,1
19071,0
19073,0
19075,0
19077,0
19079,0
19081,0
19083,0
19085,0
19087,0
19089,0
19091,0
19093,0
19095,0
19097,0
19099,0
19101,0
19103,0
19105,0
19107,1
19109,0
19111,1
19113,0
19115,0
19117,1
19119,0
19121,0
19123,0
19125,0
19127,1
19129,0
19131,0
19133,1
19135,0
19137,1
19139,0
19141,1
19143,1
19145,1
19147,0
19149,0
19151,0
19153,0
19155,1
19157,0
19159,0
19161,0
19163,0
19165,0
19167,0
19169,0
19171,1
19173,0
19175,0
19177,1
19179,1
19181,0
19183,0
19185,1
19187,0
19189,0
19191,0
19193,1
19195,0
19197,1
20001,1
20003,1
20005,1
20007,1
20009,1
20011,1
20013,1
20015,0
20017,1
20019,1
20021,1
20023,1
20025,0
20027,1
20029,1
20031,1
20033,1
20035,1
20037,1
20039,0
20041,0
20043,0
20045,0
20047,1
20049,1
20051,0
20053,0
20055,1
20057,1
20059,1
20061,1
20063,0
20065,1
20067,0
20069,1
20071,0
20073,1
20075,1
20077,1
20079,0
20081,1
20083,0
20085,0
20087,0
20089,1
20091,0
20093,1
20095,1
20097,0
20099,1
20101,1
20103,0
20105,1
20107,0
20109,1
20111,1
20113,0
20115,0
20117,1
20119,1
20121,0
20123,1
20125,1
20127,0
20129,1
20131,0
20133,1
20135,1
20137,1
20139,1
20141,1
20143,0
20145,1
20147,1
20149,0
20151,0
20153,1
20155,1
20157,1
20159,1
20161,1
20163,0
20165,1
20167,1
20169,0
20171,0
20173,1
20175,2
20177,1
20179,0
20181,1
20183,0
20185,1
20187,1
20189,2
20191,1
20193,0
20195,0
20197,0
20199,1
20201,0
20203,1
20205,1
20207,1
20209,2
21001,2
21003,3
21005,0
21007,2
21009,2
21011,2
21013,2
21015,1
21017,1
21019,1
21021,1
21023,2
21025,3
21027,2
21029,1
21031,2
21033,2
21035,2
21037,1
21039,1
21041,2
21043,2
21045,2
21047,2
21049,2
21051,3
21053,2
21055,2
21057,3
21059,1
21061,2
21063,2
21065,3
21067,0
21069,2
21071,3
21073,1
21075,3
21077,2
21079,2
21081,2
21083,2
21085,3
21087,2
21089,2
21091,1
21093,1
21095,2
21097,2
21099,3
21101,2
21103,1
21105,2
21107,2
21109,2
21111,1
21113,1
21115,2
21117,0
21119,2
21121,3
21123,2
21125,2
21127,2
21129,3
21131,2
21133,2
21135,3
21137,3
21139,2
21141,2
21143,1
21145,2
21147,3
21149,2
21151,1
21153,3
21155,2
21157,1
21159,3
21161,2
21163,1
21165,3
21167,2
21169,1
21171,3
21173,2
21175,2
21177,2
21179,1
21181,2
21183,2
21185,0
21187,2
21189,3
21191,2
21193,2
21195,2
21197,2
21199,2
21201,2
21203,2
21205,2
21207,2
21209,1
21211,1
21213,1
21215,1
21217,2
21219,2
21221,2
21223,1
21225,2
21227,1
21229,2
21231,3
21233,2
21235,2
21237,3
21239,1
22001,2
22003,2
22005,1
22007,2
22009,3
22011,2
22013,3
22015,1
22017,2
22019,2
22021,3
22023,1
22025,3
22027,3
22029,3
22031,2
22033,1
22035,3
22037,2
22039,3
22041,3
22043,2
22045,3
22047,2
22049,2
22051,1
22053,2
22055,1
22057,2
22059,2
22061,2
22063,1
22065,3
22067,3
22069,2
22071,2
22073,2
22075,1
22077,2
22079,2
22081,3
22083,3
22085,2
22087,2
22089,1
22091,3
22093,2
22095,2
22097,3
22099,2
22101,3
22103,1
22105,2
22107,3
22109,2
22111,2
22113,2
22115,2
22117,3
22119,3
22121,1
22123,2
22125,1
22127,3
23001,1
23003,2
23005,0
23007,1
23009,0
23011,1
23013,0
23015,0
23017,1
23019,1
23021,1
23023,0
23025,2
23027,1
23029,2
23031,0
24001,1
24003,0
24005,0
24009,0
24011,1
24013,0
24015,1
24017,0
24019,1
24021,0
24023,1
24025,0
24027,0
24029,0
24031,0
24033,1
24035,0
24037,0
24039,2
24041,0
24043,1
24045,1
24047,0
24510,2
25001,0
25003,0
25005,1
25007,0
25009,0
25011,0
25013,1
25015,0
25017,0
25019,0
25021,0
25023,0
25025,0
25027,0
26001,1
26003,1
26005,0
26007,1
26009,0
26011,1
26013,2
26015,0
26017,1
26019,0
26021,1
26023,1
26025,1
26027,1
26029,0
26031,1
26033,1
26035,2
26037,0
26039,1
26041,1
26043,0
26045,0
26047,0
26049,1
26051,1
26053,1
26055,0
26057,1
26059,1
26061,0
26063,1
26065,1
26067,1
26069,1
26071,1
26073,1
26075,1
26077,0
26079,1
26081,0
26083,0
26085,2
26087,1
26089,0
26091,1
26093,0
26095,1
26097,1
26099,1
26101,1
26103,0
26105,1
26107,1
26109,1
26111,0
26113,1
26115,1
26117,1
26119,1
26121,1
26123,1
26125,0
26127,1
26129,1
26131,1
26133,1
26135,2
26137,0
26139,0
26141,1
26143,1
26145,1
26147,1
26149,1
26151,1
26153,1
26155,1
26157,1
26159,1
26161,0
26163,2
26165,1
27001,0
27003,0
27005,0
27007,1
27009,0
27011,0
27013,0
27015,0
27017,0
27019,0
27021,0
27023,0
27025,0
27027,0
27029,1
27031,0
27033,0
27035,0
27037,0
27039,0
27041,0
27043,0
27045,0
27047,0
27049,0
27051,0
27053,0
27055,0
27057,0
27059,0
27061,0
27063,0
27065,0
27067,0
27069,0
27071,0
27073,0
27075,0
27077,0
27079,0
27081,0
27083,0
27085,0
27087,2
27089,0
27091,0
27093,0
27095,0
27097,0
27099,0
27101,0
27103,0
27105,1
27107,0
27109,0
27111,0
27113,0
27115,1
27117,0
27119,0
27121,0
27123,0
27125,0
27127,0
27129,0
27131,0
27133,0
27135,0
27137,0
27139,0
27141,0
27143,0
27145,0
27147,0
27149,0
27151,0
27153,1
27155,0
27157,0
27159,1
27161,0
27163,0
27165,0
27167,0
27169,0
27171,0
27173,0
28001,3
28003,2
28005,3
28007,2
28009,2
28011,3
28013,3
28015,3
28017,3
28019,2
28021,3
28023,2
28025,3
28027,3
28029,3
28031,2
28033,1
28035,2
28037,3
28039,2
28041,2
28043,3
28045,1
28047,2
28049,3
28051,3
28053,3
28055,3
28057,1
28059,1
28061,3
28063,3
28065,3
28067,2
28069,3
28071,1
28073,1
28075,2
28077,3
28079,3
28081,1
28083,3
28085,2
28087,2
28089,1
28091,3
28093,3
28095,2
28097,3
28099,3
28101,2
28103,3
28105,2
28107,3
28109,2
28111,2
28113,3
28115,2
28117,2
28119,3
28121,1
28123,3
28125,3
28127,2
28129,2
28131,2
28133,3
28135,3
28137,2
28139,2
28141,2
28143,3
28145,2
28147,3
28149,2
28151,3
28153,3
28155,1
28157,3
28159,3
28161,3
28163,3
29001,1
29003,0
29005,1
29007,2
29009,2
29011,2
29013,2
29015,2
29017,2
29019,0
29021,2
29023,2
29025,1
29027,1
29029,1
29031,1
29033,1
29035,2
29037,0
29039,2
29041,1
29043,0
29045,2
29047,0
29049,1
29051,0
29053,1
29055,2
29057,2
29059,2
29061,2
29063,1
29065,2
29067,2
29069,2
29071,1
29073,1
29075,1
29077,1
29079,2
29081,2
29083,2
29085,2
29087,1
29089,1
29091,2
29093,2
29095,1
29097,2
29099,1
29101,1
29103,2
29105,2
29107,1
29109,2
29111,2
29113,1
29115,1
29117,1
29119,2
29121,1
29123,1
29125,1
29127,1
29129,2
29131,1
29133,3
29135,1
29137,2
29139,2
29141,2
29143,2
29145,1
29147,1
29149,2
29151,1
29153,2
29155,3
29157,1
29159,1
29161,1
29163,2
29165,0
29167,2
29169,1
29171,1
29173,1
29175,2
29177,1
29179,2
29181,2
29183,0
29185,2
29186,1
29187,2
29189,0
29195,1
29197,1
29199,2
29201,2
29203,2
29205,2
29207,2
29209,1
29211,2
29213,1
29215,2
29217,2
29219,1
29221,2
29223,2
29225,1
29227,2
29229,2
29510,1
30001,0
30003,3
30005,2
30007,0
30009,0
30011,0
30013,1
30015,1
30017,0
30019,0
30021,0
30023,1
30025,0
30027,0
30029,0
30031,0
30033,0
30035,3
30037,1
30039,0
30041,2
30043,0
30045,0
30047,1
30049,0
30051,2
30053,1
30055,0
30057,0
30059,0
30061,0
30063,0
30065,1
30067,0
30069,0
30071,0
30073,2
30075,0
30077,1
30079,2
30081,0
30083,0
30085,3
30087,2
30089,1
30091,0
30093,0
30095,0
30097,0
30099,0
30101,1
30103,0
30105,0
30107,1
30109,0
30111,0
31001,0
31003,0
31005,0
31007,0
31009,0
31011,0
31013,0
31015,0
31017,0
31019,0
31021,0
31023,0
31025,0
31027,0
31029,0
31031,0
31033,0
31035,0
31037,1
31039,0
31041,0
31043,1
31045,0
31047,1
31049,0
31051,0
31053,0
31055,0
31057,0
31059,0
31061,0
31063,0
31065,0
31067,0
31069,1
31071,0
31073,0
31075,0
31077,0
31079,1
31081,0
31083,0
31085,0
31087,0
31089,0
31091,0
31093,0
31095,0
31097,0
31099,0
31101,0
31103,0
31105,1
31107,1
31109,0
31111,0
31113,0
31115,0
31117,0
31119,0
31121,0
31123,1
31125,0
31127,0
31129,0
31131,0
31133,1
31135,0
31137,0
31139,0
31141,0
31143,0
31145,0
31147,0
31149,0
31151,0
31153,0
31155,0
31157,0
31159,0
31161,0
31163,0
31165,1
31167,0
31169,0
31171,0
31173,2
31175,0
31177,0
31179,0
31181,0
31183,0
31185,0
32001,1
32003,1
32005,0
32007,1
32009,2
32011,2
32013,1
32015,2
32017,1
32019,1
32021,2
32023,2
32027,1
32029,0
32031,0
32033,1
32510,1
33001,0
33003,0
33005,0
33007,1
33009,0
33011,0
33013,0
33015,0
33017,0
33019,0
34001,1
34003,0
34005,0
34007,0
34009,0
34011,2
34013,1
34015,0
34017,0
34019,0
34021,0
34023,0
34025,0
34027,0
34029,0
34031,1
34033,1
34035,0
34037,0
34039,0
34041,0
35001,1
35003,1
35005,2
35006,2
35007,1
35009,2
35011,1
35013,1
35015,1
35017,1
35019,2
35021,2
35023,2
35025,2
35027,1
35028,0
35029,3
35031,3
35033,1
35035,1
35037,2
35039,2
35041,1
35043,0
35045,2
35047,1
35049,0
35051,2
35053,2
35055,0
35057,2
35059,1
35061,1
36001,0
36003,1
36005,3
36007,1
36009,1
36011,1
36013,1
36015,1
36017,1
36019,1
36021,0
36023,0
36025,1
36027,0
36029,0
36031,0
36033,1
36035,1
36037,0
36039,0
36041,0
36043,0
36045,1
36047,1
36049,1
36051,0
36053,0
36055,0
36057,1
36059,0
36061,0
36063,0
36065,1
36067,0
36069,0
36071,0
36073,1
36075,1
36077,0
36079,0
36081,1
36083,0
36085,0
36087,0
36089,1
36091,0
36093,0
36095,0
36097,1
36099,1
36101,0
36103,0
36105,1
36107,0
36109,0
36111,0
36113,0
36115,0
36117,0
36119,0
36121,1
36123,1
37001,1
37003,1
37005,1
37007,3
37009,1
37011,1
37013,1
37015,3
37017,2
37019,0
37021,0
37023,1
37025,0
37027,1
37029,0
37031,0
37033,1
37035,1
37037,0
37039,1
37041,2
37043,1
37045,1
37047,2
37049,1
37051,1
37053,0
37055,0
37057,1
37059,0
37061,2
37063,0
37065,3
37067,1
37069,1
37071,1
37073,1
37075,1
37077,1
37079,2
37081,1
37083,3
37085,1
37087,0
37089,0
37091,3
37093,2
37095,2
37097,0
37099,1
37101,1
37103,2
37105,1
37107,3
37109,0
37111,1
37113,1
37115,0
37117,2
37119,0
37121,0
37123,1
37125,0
37127,1
37129,0
37131,2
37133,1
37135,0
37137,1
37139,1
37141,0
37143,1
37145,1
37147,1
37149,0
37151,1
37153,2
37155,3
37157,1
37159,1
37161,1
37163,2
37165,3
37167,1
37169,1
37171,1
37173,2
37175,0
37177,2
37179,0
37181,2
37183,0
37185,3
37187,3
37189,1
37191,2
37193,1
37195,2
37197,1
37199,1
38001,0
38003,0
38005,2
38007,0
38009,0
38011,0
38013,0
38015,0
38017,0
38019,0
38021,0
38023,0
38025,0
38027,1
38029,0
38031,0
38033,0
38035,0
38037,1
38039,0
38041,0
38043,0
38045,0
38047,0
38049,0
38051,1
38053,0
38055,0
38057,0
38059,0
38061,1
38063,0
38065,0
38067,0
38069,0
38071,0
38073,0
38075,0
38077,0
38079,3
38081,0
38083,0
38085,3
38087,0
38089,0
38091,0
38093,0
38095,1
38097,0
38099,0
38101,0
38103,0
38105,0
39001,2
39003,1
39005,1
39007,2
39009,1
39011,0
39013,1
39015,1
39017,1
39019,1
39021,1
39023,1
39025,0
39027,1
39029,1
39031,2
39033,1
39035,1
39037,1
39039,1
39041,0
39043,1
39045,0
39047,2
39049,1
39051,1
39053,2
39055,0
39057,0
39059,1
39061,1
39063,0
39065,1
39067,1
39069,1
39071,1
39073,2
39075,2
39077,1
39079,2
39081,1
39083,1
39085,0
39087,2
39089,0
39091,1
39093,1
39095,1
39097,1
39099,1
39101,2
39103,0
39105,2
39107,0
39109,0
39111,2
39113,1
39115,2
39117,1
39119,1
39121,1
39123,0
39125,1
39127,1
39129,1
39131,2
39133,1
39135,1
39137,0
39139,1
39141,1
39143,1
39145,2
39147,1
39149,1
39151,1
39153,1
39155,1
39157,1
39159,0
39161,1
39163,2
39165,0
39167,1
39169,1
39171,1
39173,0
39175,0
40001,3
40003,1
40005,2
40007,1
40009,2
40011,2
40013,2
40015,2
40017,1
40019,2
40021,2
40023,3
40025,1
40027,1
40029,3
40031,2
40033,2
40035,2
40037,2
40039,2
40041,2
40043,1
40045,1
40047,1
40049,2
40051,1
40053,1
40055,2
40057,2
40059,1
40061,2
40063,2
40065,2
40067,2
40069,2
40071,2
40073,1
40075,2
40077,3
40079,2
40081,2
40083,1
40085,2
40087,1
40089,2
40091,2
40093,1
40095,2
40097,2
40099,2
40101,2
40103,1
40105,2
40107,3
40109,1
40111,2
40113,2
40115,2
40117,2
40119,1
40121,2
40123,1
40125,2
40127,3
40129,2
40131,1
40133,3
40135,3
40137,2
40139,2
40141,2
40143,1
40145,1
40147,2
40149,1
40151,1
40153,1
41001,1
41003,0
41005,0
41007,0
41009,0
41011,1
41013,0
41015,1
41017,0
41019,1
41021,1
41023,1
41025,1
41027,0
41029,1
41031,1
41033,1
41035,1
41037,1
41039,0
41041,1
41043,1
41045,2
41047,1
41049,2
41051,0
41053,0
41055,1
41057,0
41059,1
41061,1
41063,0
41065,1
41067,0
41069,1
41071,0
42001,1
42003,1
42005,2
42007,1
42009,2
42011,2
42013,1
42015,2
42017,1
42019,1
42021,1
42023,2
42025,1
42027,1
42029,0
42031,1
42033,1
42035,2
42037,1
42039,1
42041,0
42043,1
42045,2
42047,1
42049,1
42051,2
42053,2
42055,1
42057,1
42059,1
42061,1
42063,1
42065,1
42067,2
42069,1
42071,1
42073,2
42075,1
42077,1
42079,2
42081,1
42083,1
42085,2
42087,2
42089,1
42091,0
42093,0
42095,1
42097,1
42099,1
42101,2
42103,1
42105,0
42107,1
42109,1
42111,1
42113,1
42115,1
42117,1
42119,1
42121,1
42123,1
42125,1
42127,1
42129,1
42131,1
42133,1
44001,0
44003,0
44005,0
44007,1
44009,0
45001,2
45003,1
45005,3
45007,1
45009,3
45011,3
45013,0
45015,1
45017,1
45019,0
45021,2
45023,2
45025,2
45027,2
45029,2
45031,2
45033,3
45035,0
45037,1
45039,2
45041,1
45043,0
45045,0
45047,1
45049,3
45051,1
45053,1
45055,1
45057,1
45059,2
45061,3
45063,0
45065,1
45067,3
45069,3
45071,1
45073,1
45075,3
45077,1
45079,1
45081,2
45083,1
45085,2
45087,2
45089,3
45091,0
46003,0
46005,1
46007,3
46009,0
46011,0
46013,0
46015,0
46017,3
46019,0
46021,0
46023,1
46025,0
46027,0
46029,0
46031,3
46033,0
46035,0
46037,0
46039,0
46041,3
46043,0
46045,0
46047,1
46049,1
46051,0
46053,0
46055,0
46057,0
46059,0
46061,0
46063,0
46065,0
46067,0
46069,0
46071,3
46073,0
46075,0
46077,0
46079,0
46081,0
46083,0
46085,2
46087,0
46089,0
46091,0
46093,0
46095,3
46097,0
46099,0
46101,0
46102,3
46103,0
46105,0
46107,0
46109,2
46111,0
46115,0
46117,0
46119,0
46121,3
46123,1
46125,0
46127,0
46129,0
46135,0
46137,3
47001,1
47003,2
47005,2
47007,2
47009,1
47011,1
47013,2
47015,2
47017,2
47019,2
47021,1
47023,2
47025,2
47027,2
47029,2
47031,2
47033,2
47035,2
47037,1
47039,2
47041,2
47043,1
47045,2
47047,1
47049,2
47051,1
47053,2
47055,2
47057,2
47059,2
47061,2
47063,2
47065,1
47067,3
47069,3
47071,2
47073,2
47075,3
47077,2
47079,2
47081,2
47083,2
47085,2
47087,2
47089,1
47091,2
47093,1
47095,3
47097,3
47099,2
47101,2
47103,1
47105,1
47107,2
47109,2
47111,2
47113,2
47115,2
47117,1
47119,1
47121,2
47123,2
47125,1
47127,1
47129,2
47131,2
47133,2
47135,2
47137,2
47139,2
47141,1
47143,2
47145,1
47147,1
47149,1
47151,2
47153,2
47155,1
47157,2
47159,1
47161,1
47163,1
47165,1
47167,2
47169,2
47171,2
47173,2
47175,2
47177,2
47179,1
47181,2
47183,2
47185,2
47187,0
47189,0
48001,2
48003,1
48005,2
48007,1
48009,1
48011,0
48013,2
48015,1
48017,2
48019,1
48021,1
48023,1
48025,2
48027,1
48029,1
48031,0
48033,0
48035,1
48037,1
48039,1
48041,1
48043,0
48045,2
48047,3
48049,1
48051,1
48053,1
48055,2
48057,1
48059,1
48061,3
48063,2
48065,0
48067,2
48069,2
48071,1
48073,2
48075,1
48077,1
48079,3
48081,1
48083,1
48085,0
48087,2
48089,1
48091,0
48093,1
48095,2
48097,1
48099,1
48101,2
48103,2
48105,2
48107,2
48109,3
48111,2
48113,1
48115,3
48117,3
48119,1
48121,0
48123,2
48125,1
48127,3
48129,1
48131,3
48133,1
48135,2
48137,2
48139,1
48141,2
48143,1
48145,2
48147,1
48149,1
48151,1
48153,2
48155,2
48157,0
48159,0
48161,1
48163,3
48165,2
48167,1
48169,2
48171,0
48173,0
48175,1
48177,2
48179,2
48181,1
48183,1
48185,1
48187,1
48189,2
48191,2
48193,1
48195,1
48197,1
48199,1
48201,1
48203,1
48205,1
48207,2
48209,0
48211,0
48213,1
48215,3
48217,1
48219,2
48221,0
48223,1
48225,2
48227,2
48229,3
48231,1
48233,1
48235,1
48237,2
48239,1
48241,2
48243,2
48245,2
48247,3
48249,3
48251,1
48253,2
48255,2
48257,1
48259,0
48261,3
48263,0
48265,1
48267,1
48269,2
48271,1
48273,2
48275,2
48277,2
48279,2
48281,1
48283,3
48285,1
48287,2
48289,1
48291,2
48293,2
48295,1
48297,2
48299,1
48303,1
48305,2
48307,1
48309,1
48311,2
48313,2
48315,2
48317,1
48319,0
48321,2
48323,3
48325,1
48327,1
48329,1
48331,1
48333,1
48335,2
48337,1
48339,0
48341,2
48343,2
48345,1
48347,2
48349,2
48351,3
48353,2
48355,1
48357,2
48359,1
48361,1
48363,1
48365,1
48367,0
48369,2
48371,3
48373,2
48375,2
48377,3
48379,1
48381,0
48383,1
48385,2
48387,2
48389,3
48391,2
48393,0
48395,2
48397,0
48399,1
48401,1
48403,1
48405,3
48407,2
48409,2
48411,1
48413,1
48415,1
48417,0
48419,2
48421,1
48423,1
48425,0
48427,3
48429,1
48431,0
48433,1
48435,2
48437,3
48439,1
48441,1
48443,0
48445,3
48447,1
48449,2
48451,1
48453,0
48455,2
48457,2
48459,1
48461,2
48463,2
48465,2
48467,1
48469,1
48471,2
48473,1
48475,2
48477,1
48479,3
48481,2
48483,1
48485,1
48487,2
48489,3
48491,0
48493,1
48495,1
48497,1
48499,1
48501,1
48503,1
48505,3
48507,3
49001,0
49003,0
49005,0
49007,1
49009,0
49011,0
49013,1
49015,0
49017,0
49019,0
49021,1
49023,0
49025,0
49027,1
49029,0
49031,1
49033,0
49035,0
49037,2
49039,1
49041,1
49043,0
49045,0
49047,1
49049,0
49051,0
49053,0
49055,1
49057,0
50001,0
50003,0
50005,0
50007,0
50009,1
50011,0
50013,0
50015,0
50017,0
50019,0
50021,0
50023,0
50025,0
50027,0
51001,2
51003,0
51005,1
51007,1
51009,1
51011,1
51013,0
51015,1
51017,2
51019,0
51021,1
51023,0
51025,2
51027,2
51029,2
51031,1
51033,1
51035,1
51036,2
51037,2
51041,0
51043,0
51045,1
51047,1
51049,1
51051,2
51053,1
51057,2
51059,0
51061,0
51063,1
51065,0
51067,1
51069,0
51071,1
51073,0
51075,0
51077,2
51079,1
51081,2
51083,2
51085,0
51087,0
51089,2
51091,0
51093,0
51095,0
51097,1
51099,0
51101,0
51103,1
51105,2
51107,0
51109,1
51111,2
51113,1
51115,0
51117,2
51119,1
51121,1
51125,1
51127,0
51131,1
51133,0
51135,2
51137,1
51139,1
51141,1
51143,2
51145,0
51147,2
51149,1
51153,0
51155,1
51157,0
51159,2
51161,0
51163,0
51165,1
51167,2
51169,2
51171,1
51173,2
51175,1
51177,0
51179,0
51181,1
51183,2
51185,2
51187,1
51191,1
51193,2
51195,2
51197,1
51199,0
51510,0
51520,1
51530,1
51540,0
51550,0
51570,0
51580,2
51590,3
51595,3
51600,0
51610,0
51620,2
51630,1
51640,2
51650,1
51660,2
51670,3
51678,0
51680,1
51683,1
51685,1
51690,3
51700,1
51710,1
51720,2
51730,3
51735,0
51740,2
51750,2
51760,1
51770,1
51775,0
51790,1
51800,1
51810,0
51820,1
51830,1
51840,1
53001,2
53003,0
53005,0
53007,0
53009,0
53011,0
53013,0
53015,1
53017,0
53019,1
53021,1
53023,0
53025,1
53027,1
53029,0
53031,0
53033,0
53035,0
53037,0
53039,0
53041,1
53043,0
53045,0
53047,1
53049,1
53051,1
53053,0
53055,0
53057,0
53059,0
53061,0
53063,0
53065,1
53067,0
53069,1
53071,0
53073,0
53075,0
53077,1
54001,2
54003,1
54005,2
54007,2
54009,1
54011,2
54013,3
54015,2
54017,2
54019,2
54021,2
54023,2
54025,2
54027,2
54029,2
54031,2
54033,2
54035,2
54037,1
54039,2
54041,2
54043,2
54045,2
54047,3
54049,2
54051,2
54053,2
54055,2
54057,1
54059,3
54061,1
54063,2
54065,2
54067,2
54069,1
54071,2
54073,2
54075,2
54077,2
54079,1
54081,2
54083,2
54085,2
54087,2
54089,2
54091,2
54093,2
54095,2
54097,2
54099,2
54101,2
54103,2
54105,2
54107,2
54109,2
55001,1
55003,1
55005,0
55007,0
55009,0
55011,0
55013,0
55015,0
55017,0
55019,1
55021,0
55023,1
55025,0
55027,0
55029,0
55031,0
55033,0
55035,0
55037,0
55039,0
55041,1
55043,1
55045,0
55047,1
55049,0
55051,0
55053,1
55055,0
55057,1
55059,0
55061,0
55063,0
55065,1
55067,1
55069,0
55071,0
55073,0
55075,0
55077,1
55078,2
55079,1
55081,1
55083,0
55085,0
55087,0
55089,0
55091,0
55093,0
55095,0
55097,0
55099,1
55101,0
55103,1
55105,0
55107,1
55109,0
55111,0
55113,1
55115,0
55117,0
55119,1
55121,0
55123,0
55125,0
55127,0
55129,0
55131,0
55133,0
55135,0
55137,0
55139,0
55141,0
56001,0
56003,1
56005,0
56007,1
56009,0
56011,0
56013,1
56015,0
56017,1
56019,0
56021,0
56023,0
56025,0
56027,1
56029,0
56031,1
56033,0
56035,0
56037,1
56039,0
56041,0
56043,1
56045,1
